controller,episode,seed,steps,reward,co2_total,fuel_total,queue_sum,delay_sum,reward_mode
fixed_time,0,1000,735,-391451485.69612765,391446362.84612775,124855923.97982296,34919.0,32619.0,co2
fixed_time,1,1001,734,-393207868.3972342,393202622.247234,125416145.71376774,35741.0,33441.0,co2
fixed_time,2,1002,734,-391548926.2880304,391543728.7380303,124887016.67187168,35417.0,33117.0,co2
fixed_time,3,1003,734,-391963819.27133536,391958659.9713355,125019334.58630076,35162.0,32862.0,co2
fixed_time,4,1004,735,-394447730.4042612,394442497.6042617,125811592.57720761,35652.0,33352.0,co2
