controller,episode,seed,steps,reward,co2_total,fuel_total,queue_sum,delay_sum,reward_mode
actuated,0,1000,720,-2440.761079362455,387881079.36245245,123718737.39881378,34598.0,32298.0,co2
actuated,1,1001,720,-2490.784889743394,389484889.74339503,124230332.98903231,35405.0,33105.0,co2
actuated,2,1002,720,-2470.832430210006,387892430.2100088,123722396.23820487,35099.0,32799.0,co2
actuated,3,1003,720,-2456.794646439513,388494646.43951654,123914451.30511768,34855.0,32555.0,co2
actuated,4,1004,720,-2489.060050419078,390940050.4190793,124694449.6479294,35352.0,33052.0,co2
