controller,episode,seed,steps,reward,co2_total,fuel_total,queue_sum,delay_sum,reward_mode
dqn,0,1000,720,-1297.875723132506,269965723.13250697,86107665.05285507,10854.0,8921.0,co2
dqn,1,1001,720,-1285.1364258907445,269646425.89074445,86005818.01659644,10716.0,8769.0,co2
dqn,2,1002,720,-1303.378706723593,270638706.7235923,86322323.88754742,10937.0,8989.0,co2
dqn,3,1003,720,-1278.2664420128408,268636442.01284,85683670.09137124,10619.0,8668.0,co2
dqn,4,1004,720,-1295.6152550845009,270795255.08450127,86372235.22376741,10870.0,8932.0,co2
