controller,episode,seed,steps,reward,co2_total,fuel_total,queue_sum,delay_sum,reward_mode
actuated,0,1000,720,-1765.3721070516654,302102107.05166733,96358219.2041322,16914.0,15157.0,co2
actuated,1,1001,720,-2004.0065279475825,319366527.9475836,101865084.78823185,20570.0,18814.0,co2
actuated,2,1002,720,-1887.6102561795913,310680256.17959064,99094408.89541502,18775.0,17018.0,co2
actuated,3,1003,720,-1955.7124610711637,315452461.07116115,100616596.86809945,19833.0,18061.0,co2
actuated,4,1004,720,-1651.5156950354447,293945695.03544533,93756539.9799386,15121.0,13352.0,co2
