controller,episode,seed,steps,reward,co2_total,fuel_total,queue_sum,delay_sum,reward_mode
dqn,0,1000,974,-690762221.680577,690744784.2805784,220325280.3206239,137686.0,72566.0,co2
dqn,1,1001,974,-690616155.4619187,690598691.3619174,220278707.9031093,137865.0,72742.0,co2
dqn,2,1002,974,-688471368.8667443,688453965.4667441,219594589.16348615,137434.0,72390.0,co2
dqn,3,1003,964,-687407463.3406433,687390096.790643,219255250.4652726,137105.0,72321.0,co2
dqn,4,1004,952,-680371519.2935387,680354430.6435388,217011018.4163324,134612.0,71759.0,co2
