controller,episode,seed,steps,reward,co2_total,fuel_total,queue_sum,delay_sum,reward_mode
actuated,0,1000,732,-391152051.9999532,391146939.8999533,124760417.46703476,34844.0,32544.0,co2
actuated,1,1001,732,-392910732.803269,392905497.4032688,125321371.9921163,35666.0,33366.0,co2
actuated,2,1002,732,-391268100.0262173,391262913.2262172,124797444.99644795,35342.0,33042.0,co2
actuated,3,1003,731,-389368492.05493253,389363439.90493244,124191535.54167986,34440.0,32143.0,co2
actuated,4,1004,733,-394147170.5406441,394141948.4906446,125715726.94984494,35577.0,33277.0,co2
